{
    "num_qubits": 3,
    "J": [
        -1.7304893424884795,
        2.1637782940661285,
        2.2420407960657256,
        0.05210364827199342,
        -0.7820260435144827,
        0.05070259174294999,
        1.2076843399802173,
        -0.5721640375594919,
        2.557250226699662,
        -4.111024028878462e-09,
        8.302492483756993e-08,
        -4.696838130848608e-09,
        8.2218976375924e-09,
        -1.0400782649152921e-07,
        6.79615107161397e-09,
        0.09234535424294697,
        -1.3860156726121795,
        0.08986221085809648,
        -1.152678996171757,
        0.7417088017167607,
        -1.2946024308834327,
        1.0055549467505258,
        0.10035505699526154,
        2.0544895765003814,
        -1.6498363250554533,
        -0.5721640220771967,
        -0.30027048139293777,
        0.11891618190132959,
        -2.67516939398223e-09,
        0.1189161885953709,
        -1.7848184550689292,
        4.510775633612397e-08,
        -1.7848185651047508,
        0.1157185569579418,
        -1.354647776925336e-09,
        0.11571856199657347
    ],
    "target_gate.real": [
        [
            1.0,
            0.0,
            0.0,
            0.0,
            0.0,
            0.0,
            0.0,
            0.0
        ],
        [
            0.0,
            1.0,
            0.0,
            0.0,
            0.0,
            0.0,
            0.0,
            0.0
        ],
        [
            0.0,
            0.0,
            1.0,
            0.0,
            0.0,
            0.0,
            0.0,
            0.0
        ],
        [
            0.0,
            0.0,
            0.0,
            1.0,
            0.0,
            0.0,
            0.0,
            0.0
        ],
        [
            0.0,
            0.0,
            0.0,
            0.0,
            0.7071067811865476,
            0.7071067811865476,
            0.0,
            0.0
        ],
        [
            0.0,
            0.0,
            0.0,
            0.0,
            0.7071067811865476,
            -0.7071067811865476,
            0.0,
            0.0
        ],
        [
            0.0,
            0.0,
            0.0,
            0.0,
            0.0,
            0.0,
            0.7071067811865476,
            0.7071067811865476
        ],
        [
            0.0,
            0.0,
            0.0,
            0.0,
            0.0,
            0.0,
            0.7071067811865476,
            -0.7071067811865476
        ]
    ],
    "interactions": [
        [
            0,
            "x"
        ],
        [
            0,
            "y"
        ],
        [
            0,
            "z"
        ],
        [
            1,
            "x"
        ],
        [
            1,
            "y"
        ],
        [
            1,
            "z"
        ],
        [
            2,
            "x"
        ],
        [
            2,
            "y"
        ],
        [
            2,
            "z"
        ],
        [
            [
                0,
                1
            ],
            "xx"
        ],
        [
            [
                0,
                1
            ],
            "xy"
        ],
        [
            [
                0,
                1
            ],
            "xz"
        ],
        [
            [
                0,
                1
            ],
            "yx"
        ],
        [
            [
                0,
                1
            ],
            "yy"
        ],
        [
            [
                0,
                1
            ],
            "yz"
        ],
        [
            [
                0,
                1
            ],
            "zx"
        ],
        [
            [
                0,
                1
            ],
            "zy"
        ],
        [
            [
                0,
                1
            ],
            "zz"
        ],
        [
            [
                0,
                2
            ],
            "xx"
        ],
        [
            [
                0,
                2
            ],
            "xy"
        ],
        [
            [
                0,
                2
            ],
            "xz"
        ],
        [
            [
                0,
                2
            ],
            "yx"
        ],
        [
            [
                0,
                2
            ],
            "yy"
        ],
        [
            [
                0,
                2
            ],
            "yz"
        ],
        [
            [
                0,
                2
            ],
            "zx"
        ],
        [
            [
                0,
                2
            ],
            "zy"
        ],
        [
            [
                0,
                2
            ],
            "zz"
        ],
        [
            [
                1,
                2
            ],
            "xx"
        ],
        [
            [
                1,
                2
            ],
            "xy"
        ],
        [
            [
                1,
                2
            ],
            "xz"
        ],
        [
            [
                1,
                2
            ],
            "yx"
        ],
        [
            [
                1,
                2
            ],
            "yy"
        ],
        [
            [
                1,
                2
            ],
            "yz"
        ],
        [
            [
                1,
                2
            ],
            "zx"
        ],
        [
            [
                1,
                2
            ],
            "zy"
        ],
        [
            [
                1,
                2
            ],
            "zz"
        ]
    ],