{
    "net_topology": null,
    "J": [
        0.943100144871174,
        -1.6524414106116994,
        -0.8147110084794663,
        -1.111094416303683,
        1.0657292237656784,
        -1.2893712401722288,
        0.6677623954906629,
        0.8889301674863711,
        -1.7791764855860626,
        -0.9124050903150331,
        0.4425620326673317,
        0.6689543237303599,
        -0.44256248407913473,
        -0.9124052023376045,
        -1.5951650592476823,
        -0.954454692798227,
        0.4576059434596119,
        -1.0022175628013248,
        -0.15240551598550336,
        0.5476442533921345,
        0.5401062276181836,
        -0.4277433746028022,
        -0.48967942215883287,
        0.3467422386247633,
        0.30630518214490426,
        0.9506685147642547,
        -1.9979674010304913,
        -0.22768756353859423,
        -0.5211785227635397,
        0.006165120207419204,
        0.7985371495309563,
        -0.1653591627077739,
        0.06147933394872754,
        -0.6953588866104168,
        -0.061738120454586674,
        -0.8380253427612316
    ],
    "num_system_qubits": 3,
    "full_unitary.real": [
        [
            -0.9238795422323128,
            -3.807121225847705e-08,
            -5.949599688552499e-09,
            -3.416731499702834e-08,
            2.847074396876946e-08,
            -7.782611229838025e-08,
            1.1325572567451314e-08,
            -3.6540868508534025e-08
        ],
        [
            3.8854060134194124e-08,
            -0.9238795293281726,
            -1.0809426254912088e-07,
            1.0570528133357904e-09,
            -1.7760389274881772e-07,
            -1.2431649234340147e-09,
            8.597228837864401e-08,
            1.4306912831177354e-07
        ],
        [
            3.0194299048026674e-08,
            -9.349309598380429e-08,
            -0.9238795276064011,
            2.9541844918240523e-08,
            1.457379839424084e-07,
            2.6513513679254225e-07,
            -3.883490581196858e-09,
            -2.6412004324512933e-08
        ],
        [
            5.180453386101694e-08,
            -1.746473735769749e-08,
            -3.8013724747469006e-08,
            -0.9238795320068902,
            4.1573150507301544e-08,
            -1.6151099300597965e-07,
            1.7339372324412516e-07,
            -3.838791122652563e-09
        ],
        [
            -2.5729079498990233e-09,
            -2.728276135913199e-08,
            -1.8283662380863498e-07,
            -1.1702074431425152e-07,
            -0.9238795293910474,
            3.6633183935971814e-08,
            1.2502692979879382e-08,
            -5.057344509753342e-09
        ],
        [
            6.168288479589581e-08,
            -1.295382907971071e-08,
            -1.6510104394826947e-07,
            2.012914888521733e-07,
            -3.2496881782534057e-08,
            -0.9238795330169463,
            1.586604663345037e-07,
            -1.0440944540586819e-07
        ],
        [
            4.773233109678712e-08,
            -8.500396339594651e-08,
            3.304126988505629e-08,
            3.979852348026669e-08,
            -1.3150650932797214e-08,
            1.086099812100394e-07,
            -0.6532815292812569,
            -0.6532814220957168
        ],
        [
            -5.087812602125319e-08,
            -8.537043560616353e-08,
            -6.955918413606346e-08,
            -1.0985905466581736e-09,
            -3.2231305893129156e-08,
            -5.013972602689251e-08,
            -0.6532814571523966,
            0.6532815233240901
        ]
    ],
    "full_unitary.imag": [
        [
            -0.3826834088964318,
            -1.68767523107613e-08,
            -3.6751611379171045e-08,
            -3.90953406766148e-08,
            -2.483209292347948e-08,
            -9.406640318673082e-09,
            -8.179785116607663e-09,
            -6.206959958163227e-08
        ],
        [
            1.4986748839975958e-08,
            -0.3826834400495381,
            2.4031350951173817e-07,
            2.364187789462291e-08,
            2.1618753771835905e-07,
            1.956258767824015e-08,
            8.44021242098203e-08,
            -1.4343561117839687e-07
        ],
        [
            -2.178031531703279e-08,
            2.4636143551755307e-07,
            -0.382683444206287,
            2.4217670263268487e-08,
            1.1283216423295037e-07,
            -3.164698790698861e-08,
            4.040145230171932e-08,
            -7.618848921718546e-08
        ],
        [
            -3.4846245793376807e-09,
            1.5969838573076656e-08,
            -3.764791911163232e-09,
            -0.3826834335826281,
            1.2391917033564154e-07,
            -1.231580555689435e-07,
            -2.1209366275753982e-07,
            -3.7058347089787e-08
        ],
        [
            -3.7690820371867606e-08,
            2.7845264015478183e-07,
            -2.326791387401118e-08,
            5.822743266714614e-08,
            -0.3826834398978389,
            9.324353674160929e-09,
            3.2879221215434407e-08,
            -1.402341297815704e-08
        ],
        [
            4.837987010899818e-08,
            1.471188671494511e-08,
            -2.098566634232881e-07,
            2.7119658932168306e-08,
            -1.9310240240264127e-08,
            -0.3826834311440506,
            -2.1713071650039661e-07,
            -5.4340256449517815e-08
        ],
        [
            -2.251701480306123e-08,
            -1.440374544151024e-07,
            -2.7457720520006335e-09,
            -2.0935343889028069e-07,
            5.705252076326772e-09,
            -1.628610411634479e-07,
            -0.27059805956581945,
            -0.2705980731705922
        ],
        [
            3.0117044977698293e-09,
            1.424673255895348e-07,
            4.703067753991652e-08,
            -1.761338603162299e-07,
            1.4671333970622813e-08,
            -2.1293023107910036e-07,
            -0.2705979885361883,
            0.2705980739477818
        ]
    ],
    "target_gate.real": [
        [
            1.0,
            0.0,
            0.0,
            0.0,
            0.0,
            0.0,
            0.0,
            0.0
        ],
        [
            0.0,
            1.0,
            0.0,
            0.0,
            0.0,
            0.0,
            0.0,
            0.0
        ],
        [
            0.0,
            0.0,
            1.0,
            0.0,
            0.0,
            0.0,
            0.0,
            0.0
        ],
        [
            0.0,
            0.0,
            0.0,
            1.0,
            0.0,
            0.0,
            0.0,
            0.0
        ],
        [
            0.0,
            0.0,
            0.0,
            0.0,
            1.0,
            0.0,
            0.0,
            0.0
        ],
        [
            0.0,
            0.0,
            0.0,
            0.0,
            0.0,
            1.0,
            0.0,
            0.0
        ],
        [
            0.0,
            0.0,
            0.0,
            0.0,
            0.0,
            0.0,
            0.7071067811865476,
            0.7071067811865476
        ],
        [
            0.0,
            0.0,
            0.0,
            0.0,
            0.0,
            0.0,
            0.7071067811865476,
            -0.7071067811865476
        ]
    ],
    "interactions": [
        [
            0,
            "x"
        ],
        [
            0,
            "y"
        ],
        [
            0,
            "z"
        ],
        [
            1,
            "x"
        ],
        [
            1,
            "y"
        ],
        [
            1,
            "z"
        ],
        [
            2,
            "x"
        ],
        [
            2,
            "y"
        ],
        [
            2,
            "z"
        ],
        [
            [
                0,
                1
            ],